{"cameraMode":{"drawMode":0,"name":"Shaded","section":"Shading Mode"},"sceneLighting":true,"audioPlay":false,"sceneViewState":{"m_AlwaysRefresh":false,"showFog":true,"showSkybox":false,"showFlares":true,"showImageEffects":true,"showParticleSystems":true,"showVisualEffectGraphs":true,"m_FxEnabled":true},"in2DMode":false,"pivot":{"x":0.8037022948265076,"y":0.33342137932777407,"z":-1.3498679399490357},"rotation":{"x":-0.03994970768690109,"y":-0.6880297660827637,"z":-0.03803884983062744,"w":0.7236252427101135},"size":0.48627588152885439,"orthographic":false}